[{"model": "contenttypes.contenttype", "pk": 1, "fields": {"app_label": "admin", "model": "logentry"}}, {"model": "contenttypes.contenttype", "pk": 2, "fields": {"app_label": "auth", "model": "permission"}}, {"model": "contenttypes.contenttype", "pk": 3, "fields": {"app_label": "auth", "model": "group"}}, {"model": "contenttypes.contenttype", "pk": 4, "fields": {"app_label": "auth", "model": "user"}}, {"model": "contenttypes.contenttype", "pk": 5, "fields": {"app_label": "contenttypes", "model": "contenttype"}}, {"model": "contenttypes.contenttype", "pk": 6, "fields": {"app_label": "sessions", "model": "session"}}, {"model": "contenttypes.contenttype", "pk": 7, "fields": {"app_label": "backend", "model": "question"}}, {"model": "contenttypes.contenttype", "pk": 8, "fields": {"app_label": "backend", "model": "questionnaire"}}, {"model": "contenttypes.contenttype", "pk": 9, "fields": {"app_label": "backend", "model": "questionnairecontent"}}, {"model": "contenttypes.contenttype", "pk": 10, "fields": {"app_label": "backend", "model": "questionnaireresult"}}, {"model": "contenttypes.contenttype", "pk": 11, "fields": {"app_label": "backend", "model": "answertestquestion"}}, {"model": "contenttypes.contenttype", "pk": 12, "fields": {"app_label": "backend", "model": "answerquestionnaire"}}, {"model": "contenttypes.contenttype", "pk": 13, "fields": {"app_label": "backend", "model": "answer"}}, {"model": "contenttypes.contenttype", "pk": 14, "fields": {"app_label": "backend", "model": "response"}}, {"model": "sessions.session", "pk": "efmg656owcsbanibyeipsolyntyw95ww", "fields": {"session_data": "Mjc4MzViNjY0YmY2ZjM2YjA5N2VkMTZhNDFmYjZiZjIyYjQ0MDIzMTp7Il9hdXRoX3VzZXJfaWQiOiIxIiwiX2F1dGhfdXNlcl9iYWNrZW5kIjoiZGphbmdvLmNvbnRyaWIuYXV0aC5iYWNrZW5kcy5Nb2RlbEJhY2tlbmQiLCJfYXV0aF91c2VyX2hhc2giOiIzZTZkYjQ0MTUyMTc4YTRmNmMzNDdmNDUxMTUyYTVkNGM2N2M4NmY0In0=", "expire_date": "2020-05-18T08:24:38.431Z"}}, {"model": "sessions.session", "pk": "so4u8xu23kn68yms6c3mjsdtmkg5frvd", "fields": {"session_data": "Mjc4MzViNjY0YmY2ZjM2YjA5N2VkMTZhNDFmYjZiZjIyYjQ0MDIzMTp7Il9hdXRoX3VzZXJfaWQiOiIxIiwiX2F1dGhfdXNlcl9iYWNrZW5kIjoiZGphbmdvLmNvbnRyaWIuYXV0aC5iYWNrZW5kcy5Nb2RlbEJhY2tlbmQiLCJfYXV0aF91c2VyX2hhc2giOiIzZTZkYjQ0MTUyMTc4YTRmNmMzNDdmNDUxMTUyYTVkNGM2N2M4NmY0In0=", "expire_date": "2020-05-14T15:41:00.859Z"}}, {"model": "backend.question", "pk": 1, "fields": {"title": "\u0432\u043e\u043f\u0440\u043e\u0441 \u043f\u0440\u043e 2 + 2", "content": "2 + 2 = ?", "answers_number": "O", "question_type": "T"}}, {"model": "backend.question", "pk": 2, "fields": {"title": "\u0412\u043e\u043f\u0440\u043e\u0441 \u043f\u0440\u043e \u0434\u0438\u0440\u0435\u043a\u0442\u043e\u0440\u0430", "content": "\u041d\u0440\u0430\u0432\u0438\u0442\u0441\u044f \u043b\u0438 \u0412\u0430\u043c \u043d\u0430\u0448 \u0434\u0438\u0440\u0435\u043a\u0442\u043e\u0440?", "answers_number": "O", "question_type": "Q"}}, {"model": "backend.question", "pk": 3, "fields": {"title": "\u0412\u043e\u043f\u0440\u043e\u0441 \u043e \u0437\u0430\u0440\u043f\u043b\u0430\u0442\u0435", "content": "\u041d\u0430 \u043a\u0430\u043a\u0443\u044e \u0441\u0443\u043c\u043c\u0443 \u0412\u044b \u0445\u043e\u0442\u0438\u0442\u0435 \u0441\u043d\u0438\u0437\u0438\u0442\u044c \u0441\u0432\u043e\u044e \u0437/\u043f?", "answers_number": "O", "question_type": "Q"}}, {"model": "backend.question", "pk": 4, "fields": {"title": "\u043e \u0441\u0438\u043d\u043e\u043d\u0438\u043c\u0430\u0445 \u043a \u0441\u043b\u043e\u0432\u0443 \"\u0431\u0435\u0441\u043a\u043e\u043d\u0435\u0447\u043d\u043e\u0441\u0442\u044c\"", "content": "\u0421\u0438\u043d\u043e\u043d\u0438\u043c\u044b \u043a \u0441\u043b\u043e\u0432\u0443 \"\u0431\u0435\u0441\u043a\u043e\u043d\u0435\u0447\u043d\u043e\u0441\u0442\u044c\"", "answers_number": "M", "question_type": "T"}}, {"model": "backend.question", "pk": 5, "fields": {"title": "\u041e \u043f\u043e\u043e\u0449\u0440\u0435\u043d\u0438\u0438 \u043d\u0430\u0448\u0435\u0433\u043e \u0434\u0438\u0440\u0435\u043a\u0442\u043e\u0440\u0430", "content": "\u0427\u0442\u043e \u0432\u044b \u0441\u0447\u0438\u0442\u0430\u0435\u0442\u0435 \u043d\u0435\u043e\u0431\u0445\u043e\u0434\u0438\u043c\u044b\u043c \u0441\u0434\u0435\u043b\u0430\u0442\u044c?", "answers_number": "M", "question_type": "Q"}}, {"model": "backend.response", "pk": 1, "fields": {"question": 3, "response_option": "\u041a\u0430\u043a \u0440\u0435\u0448\u0438\u0442 \u0440\u0443\u043a\u043e\u0432\u043e\u0434\u0441\u0442\u0432\u043e", "isCorrect": false, "answer_weight": 5}}, {"model": "backend.response", "pk": 2, "fields": {"question": 3, "response_option": "50%", "isCorrect": false, "answer_weight": 4}}, {"model": "backend.response", "pk": 3, "fields": {"question": 3, "response_option": "25%", "isCorrect": false, "answer_weight": 3}}, {"model": "backend.response", "pk": 4, "fields": {"question": 4, "response_option": "\u0434\u043e\u0444\u0438\u0433\u0430", "isCorrect": true, "answer_weight": 0}}, {"model": "backend.response", "pk": 5, "fields": {"question": 4, "response_option": "\u043e\u0447\u0435\u043d\u044c-\u043e\u0447\u0435\u043d\u044c \u043c\u043d\u043e\u0433\u043e", "isCorrect": true, "answer_weight": 0}}, {"model": "backend.response", "pk": 6, "fields": {"question": 4, "response_option": "\u0447\u0443\u0442\u044c-\u0447\u0443\u0442\u044c", "isCorrect": false, "answer_weight": 0}}, {"model": "backend.response", "pk": 7, "fields": {"question": 4, "response_option": "\u043c\u0430\u043b\u043e", "isCorrect": false, "answer_weight": 0}}, {"model": "backend.response", "pk": 8, "fields": {"question": 1, "response_option": "2", "isCorrect": false, "answer_weight": 0}}, {"model": "backend.response", "pk": 9, "fields": {"question": 1, "response_option": "3", "isCorrect": false, "answer_weight": 0}}, {"model": "backend.response", "pk": 10, "fields": {"question": 1, "response_option": "4", "isCorrect": true, "answer_weight": 0}}, {"model": "backend.response", "pk": 11, "fields": {"question": 2, "response_option": "\u0421\u043e\u0432\u0441\u0435\u043c \u043d\u0435 \u043d\u0440\u0430\u0432\u0438\u0442\u0441\u044f", "isCorrect": false, "answer_weight": 1}}, {"model": "backend.response", "pk": 12, "fields": {"question": 2, "response_option": "\u041d\u0438\u0447\u0435\u0433\u043e, \u0441\u043e\u0439\u0434\u0435\u0442", "isCorrect": false, "answer_weight": 2}}, {"model": "backend.response", "pk": 13, "fields": {"question": 2, "response_option": "\u041e\u043d \u043b\u0443\u0447\u0448\u0438\u0439", "isCorrect": false, "answer_weight": 3}}, {"model": "backend.response", "pk": 14, "fields": {"question": 5, "response_option": "\u041d\u0430\u0433\u0440\u0430\u0434\u0438\u0442\u044c \u043e\u0440\u0434\u0435\u043d\u043e\u043c", "isCorrect": false, "answer_weight": 5}}, {"model": "backend.response", "pk": 15, "fields": {"question": 5, "response_option": "\u0412\u044b\u043f\u0438\u0441\u0430\u0442\u044c \u043f\u0440\u0435\u043c\u0438\u044e", "isCorrect": false, "answer_weight": 4}}, {"model": "backend.response", "pk": 16, "fields": {"question": 5, "response_option": "\u0412\u044b\u0440\u0430\u0437\u0438\u0442\u044c \u0431\u043b\u0430\u0433\u043e\u0434\u0430\u0440\u043d\u043e\u0441\u0442\u044c", "isCorrect": false, "answer_weight": 1}}, {"model": "backend.answerquestionnaire", "pk": 1, "fields": {"question": 2, "answer": "\u0414\u0430, \u043e\u043d \u043b\u0443\u0447\u0448\u0438\u0439"}}, {"model": "backend.answerquestionnaire", "pk": 2, "fields": {"question": 2, "answer": "\u0425\u043e\u0440\u043e\u0448\u0438\u0439 \u0434\u0438\u0440\u0435\u043a\u0442\u043e\u0440"}}, {"model": "backend.answerquestionnaire", "pk": 3, "fields": {"question": 2, "answer": "\u0414\u0438\u0440\u0435\u043a\u0442\u043e\u0440 \u043a\u0430\u043a \u0434\u0438\u0440\u0435\u043a\u0442\u043e\u0440"}}, {"model": "backend.questionnairecontent", "pk": 1, "fields": {"question": 3, "questionnaire": 1, "time_to_answer": 1, "answer_weight": 1}}, {"model": "backend.questionnairecontent", "pk": 2, "fields": {"question": 2, "questionnaire": 1, "time_to_answer": 1, "answer_weight": 1}}, {"model": "backend.questionnairecontent", "pk": 3, "fields": {"question": 1, "questionnaire": 2, "time_to_answer": 1, "answer_weight": 10}}, {"model": "backend.questionnairecontent", "pk": 4, "fields": {"question": 4, "questionnaire": 2, "time_to_answer": 1, "answer_weight": 1}}, {"model": "backend.questionnairecontent", "pk": 5, "fields": {"question": 3, "questionnaire": 3, "time_to_answer": 1, "answer_weight": 10}}, {"model": "backend.questionnairecontent", "pk": 8, "fields": {"question": 2, "questionnaire": 3, "time_to_answer": 1, "answer_weight": 1}}, {"model": "backend.questionnairecontent", "pk": 9, "fields": {"question": 5, "questionnaire": 1, "time_to_answer": 1, "answer_weight": 1}}, {"model": "backend.questionnairecontent", "pk": 10, "fields": {"question": 5, "questionnaire": 3, "time_to_answer": 1, "answer_weight": 1}}, {"model": "auth.permission", "pk": 1, "fields": {"name": "Can add log entry", "content_type": 1, "codename": "add_logentry"}}, {"model": "auth.permission", "pk": 2, "fields": {"name": "Can change log entry", "content_type": 1, "codename": "change_logentry"}}, {"model": "auth.permission", "pk": 3, "fields": {"name": "Can delete log entry", "content_type": 1, "codename": "delete_logentry"}}, {"model": "auth.permission", "pk": 4, "fields": {"name": "Can view log entry", "content_type": 1, "codename": "view_logentry"}}, {"model": "auth.permission", "pk": 5, "fields": {"name": "Can add permission", "content_type": 2, "codename": "add_permission"}}, {"model": "auth.permission", "pk": 6, "fields": {"name": "Can change permission", "content_type": 2, "codename": "change_permission"}}, {"model": "auth.permission", "pk": 7, "fields": {"name": "Can delete permission", "content_type": 2, "codename": "delete_permission"}}, {"model": "auth.permission", "pk": 8, "fields": {"name": "Can view permission", "content_type": 2, "codename": "view_permission"}}, {"model": "auth.permission", "pk": 9, "fields": {"name": "Can add group", "content_type": 3, "codename": "add_group"}}, {"model": "auth.permission", "pk": 10, "fields": {"name": "Can change group", "content_type": 3, "codename": "change_group"}}, {"model": "auth.permission", "pk": 11, "fields": {"name": "Can delete group", "content_type": 3, "codename": "delete_group"}}, {"model": "auth.permission", "pk": 12, "fields": {"name": "Can view group", "content_type": 3, "codename": "view_group"}}, {"model": "auth.permission", "pk": 13, "fields": {"name": "Can add user", "content_type": 4, "codename": "add_user"}}, {"model": "auth.permission", "pk": 14, "fields": {"name": "Can change user", "content_type": 4, "codename": "change_user"}}, {"model": "auth.permission", "pk": 15, "fields": {"name": "Can delete user", "content_type": 4, "codename": "delete_user"}}, {"model": "auth.permission", "pk": 16, "fields": {"name": "Can view user", "content_type": 4, "codename": "view_user"}}, {"model": "auth.permission", "pk": 17, "fields": {"name": "Can add content type", "content_type": 5, "codename": "add_contenttype"}}, {"model": "auth.permission", "pk": 18, "fields": {"name": "Can change content type", "content_type": 5, "codename": "change_contenttype"}}, {"model": "auth.permission", "pk": 19, "fields": {"name": "Can delete content type", "content_type": 5, "codename": "delete_contenttype"}}, {"model": "auth.permission", "pk": 20, "fields": {"name": "Can view content type", "content_type": 5, "codename": "view_contenttype"}}, {"model": "auth.permission", "pk": 21, "fields": {"name": "Can add session", "content_type": 6, "codename": "add_session"}}, {"model": "auth.permission", "pk": 22, "fields": {"name": "Can change session", "content_type": 6, "codename": "change_session"}}, {"model": "auth.permission", "pk": 23, "fields": {"name": "Can delete session", "content_type": 6, "codename": "delete_session"}}, {"model": "auth.permission", "pk": 24, "fields": {"name": "Can view session", "content_type": 6, "codename": "view_session"}}, {"model": "auth.permission", "pk": 25, "fields": {"name": "Can add \u0412\u043e\u043f\u0440\u043e\u0441", "content_type": 7, "codename": "add_question"}}, {"model": "auth.permission", "pk": 26, "fields": {"name": "Can change \u0412\u043e\u043f\u0440\u043e\u0441", "content_type": 7, "codename": "change_question"}}, {"model": "auth.permission", "pk": 27, "fields": {"name": "Can delete \u0412\u043e\u043f\u0440\u043e\u0441", "content_type": 7, "codename": "delete_question"}}, {"model": "auth.permission", "pk": 28, "fields": {"name": "Can view \u0412\u043e\u043f\u0440\u043e\u0441", "content_type": 7, "codename": "view_question"}}, {"model": "auth.permission", "pk": 29, "fields": {"name": "Can add \u041e\u043f\u0440\u043e\u0441\u043d\u0438\u043a", "content_type": 8, "codename": "add_questionnaire"}}, {"model": "auth.permission", "pk": 30, "fields": {"name": "Can change \u041e\u043f\u0440\u043e\u0441\u043d\u0438\u043a", "content_type": 8, "codename": "change_questionnaire"}}, {"model": "auth.permission", "pk": 31, "fields": {"name": "Can delete \u041e\u043f\u0440\u043e\u0441\u043d\u0438\u043a", "content_type": 8, "codename": "delete_questionnaire"}}, {"model": "auth.permission", "pk": 32, "fields": {"name": "Can view \u041e\u043f\u0440\u043e\u0441\u043d\u0438\u043a", "content_type": 8, "codename": "view_questionnaire"}}, {"model": "auth.permission", "pk": 33, "fields": {"name": "Can add \u0421\u043e\u0434\u0435\u0440\u0436\u0438\u043c\u043e\u0435 \u043e\u043f\u0440\u043e\u0441\u043d\u0438\u043a\u0430", "content_type": 9, "codename": "add_questionnairecontent"}}, {"model": "auth.permission", "pk": 34, "fields": {"name": "Can change \u0421\u043e\u0434\u0435\u0440\u0436\u0438\u043c\u043e\u0435 \u043e\u043f\u0440\u043e\u0441\u043d\u0438\u043a\u0430", "content_type": 9, "codename": "change_questionnairecontent"}}, {"model": "auth.permission", "pk": 35, "fields": {"name": "Can delete \u0421\u043e\u0434\u0435\u0440\u0436\u0438\u043c\u043e\u0435 \u043e\u043f\u0440\u043e\u0441\u043d\u0438\u043a\u0430", "content_type": 9, "codename": "delete_questionnairecontent"}}, {"model": "auth.permission", "pk": 36, "fields": {"name": "Can view \u0421\u043e\u0434\u0435\u0440\u0436\u0438\u043c\u043e\u0435 \u043e\u043f\u0440\u043e\u0441\u043d\u0438\u043a\u0430", "content_type": 9, "codename": "view_questionnairecontent"}}, {"model": "auth.permission", "pk": 37, "fields": {"name": "Can add \u0420\u0435\u0437\u0443\u043b\u044c\u0442\u0430\u0442 \u043f\u043e \u043e\u043f\u0440\u043e\u0441\u043d\u0438\u043a\u0443", "content_type": 10, "codename": "add_questionnaireresult"}}, {"model": "auth.permission", "pk": 38, "fields": {"name": "Can change \u0420\u0435\u0437\u0443\u043b\u044c\u0442\u0430\u0442 \u043f\u043e \u043e\u043f\u0440\u043e\u0441\u043d\u0438\u043a\u0443", "content_type": 10, "codename": "change_questionnaireresult"}}, {"model": "auth.permission", "pk": 39, "fields": {"name": "Can delete \u0420\u0435\u0437\u0443\u043b\u044c\u0442\u0430\u0442 \u043f\u043e \u043e\u043f\u0440\u043e\u0441\u043d\u0438\u043a\u0443", "content_type": 10, "codename": "delete_questionnaireresult"}}, {"model": "auth.permission", "pk": 40, "fields": {"name": "Can view \u0420\u0435\u0437\u0443\u043b\u044c\u0442\u0430\u0442 \u043f\u043e \u043e\u043f\u0440\u043e\u0441\u043d\u0438\u043a\u0443", "content_type": 10, "codename": "view_questionnaireresult"}}, {"model": "auth.permission", "pk": 41, "fields": {"name": "Can add answer test question", "content_type": 11, "codename": "add_answertestquestion"}}, {"model": "auth.permission", "pk": 42, "fields": {"name": "Can change answer test question", "content_type": 11, "codename": "change_answertestquestion"}}, {"model": "auth.permission", "pk": 43, "fields": {"name": "Can delete answer test question", "content_type": 11, "codename": "delete_answertestquestion"}}, {"model": "auth.permission", "pk": 44, "fields": {"name": "Can view answer test question", "content_type": 11, "codename": "view_answertestquestion"}}, {"model": "auth.permission", "pk": 45, "fields": {"name": "Can add answer questionnaire", "content_type": 12, "codename": "add_answerquestionnaire"}}, {"model": "auth.permission", "pk": 46, "fields": {"name": "Can change answer questionnaire", "content_type": 12, "codename": "change_answerquestionnaire"}}, {"model": "auth.permission", "pk": 47, "fields": {"name": "Can delete answer questionnaire", "content_type": 12, "codename": "delete_answerquestionnaire"}}, {"model": "auth.permission", "pk": 48, "fields": {"name": "Can view answer questionnaire", "content_type": 12, "codename": "view_answerquestionnaire"}}, {"model": "auth.permission", "pk": 49, "fields": {"name": "Can add answer", "content_type": 13, "codename": "add_answer"}}, {"model": "auth.permission", "pk": 50, "fields": {"name": "Can change answer", "content_type": 13, "codename": "change_answer"}}, {"model": "auth.permission", "pk": 51, "fields": {"name": "Can delete answer", "content_type": 13, "codename": "delete_answer"}}, {"model": "auth.permission", "pk": 52, "fields": {"name": "Can view answer", "content_type": 13, "codename": "view_answer"}}, {"model": "auth.permission", "pk": 53, "fields": {"name": "Can add response", "content_type": 14, "codename": "add_response"}}, {"model": "auth.permission", "pk": 54, "fields": {"name": "Can change response", "content_type": 14, "codename": "change_response"}}, {"model": "auth.permission", "pk": 55, "fields": {"name": "Can delete response", "content_type": 14, "codename": "delete_response"}}, {"model": "auth.permission", "pk": 56, "fields": {"name": "Can view response", "content_type": 14, "codename": "view_response"}}, {"model": "auth.user", "pk": 1, "fields": {"password": "pbkdf2_sha256$180000$Jwic7e9POGYk$3Um9pXJ1kVxg78i/3UFOzF5WGtPEQ4IHRJmxAiCuPCs=", "last_login": "2020-05-04T08:24:38Z", "is_superuser": true, "username": "admin", "first_name": "\u0410\u0434\u043c\u0438\u043d \u0410\u0434\u043c\u0438\u043d\u044b\u0447", "last_name": "\u0410\u0434\u043c\u0438\u043d", "email": "", "is_staff": true, "is_active": true, "date_joined": "2020-04-30T15:40:56Z", "groups": [], "user_permissions": []}}, {"model": "auth.user", "pk": 2, "fields": {"password": "pbkdf2_sha256$180000$7a47pZdavWTu$7jzPuJQEYXnJjzdzERO7iK9QvgCwxavTiH30xv0ilzk=", "last_login": null, "is_superuser": false, "username": "user1", "first_name": "\u0418\u0432\u0430\u043d \u0418\u0432\u0430\u043d\u044b\u0447", "last_name": "\u0418\u0432\u0430\u043d\u043e\u0432", "email": "", "is_staff": false, "is_active": true, "date_joined": "2020-04-30T19:17:05Z", "groups": [], "user_permissions": []}}, {"model": "auth.user", "pk": 3, "fields": {"password": "pbkdf2_sha256$180000$mhyUCEXnPBKc$RsIgK2uCYUJulNQH4td9jyO1xYBIyVhV1eSlfiWuOIE=", "last_login": null, "is_superuser": false, "username": "user2", "first_name": "\u041f\u0435\u0442\u0440 \u041f\u0435\u0442\u0440\u043e\u0432\u0438\u0447", "last_name": "\u041f\u0435\u0442\u0440\u043e\u0432", "email": "", "is_staff": false, "is_active": true, "date_joined": "2020-05-06T14:26:58Z", "groups": [], "user_permissions": []}}, {"model": "auth.user", "pk": 4, "fields": {"password": "pbkdf2_sha256$180000$H0dSa2IHVs3G$OCexTy4QBEPnMAXEHhK8Q2G01JfM8q6Cyu/BQMqxEPA=", "last_login": null, "is_superuser": false, "username": "manager", "first_name": "\u041c\u0430\u043d\u0430\u0433\u0435\u0440", "last_name": "\u041c\u0430\u043d\u0430\u0433\u0435\u0440", "email": "", "is_staff": true, "is_active": true, "date_joined": "2020-05-06T15:59:41Z", "groups": [], "user_permissions": []}}, {"model": "backend.questionnaire", "pk": 1, "fields": {"title": "\u041e\u043f\u0440\u043e\u0441\u043d\u0438\u043a, \u0433\u0434\u0435 \u043e\u0442\u0432\u0435\u0442\u044b \u043f\u043e\u043b\u044c\u0437\u043e\u0432\u0430\u0442\u0435\u043b\u0435\u0439 \u043c\u043e\u0433\u0443\u0442 \u0431\u044b\u0442\u044c \u0438\u043c\u0438 \u0438\u0437\u043c\u0435\u043d\u0435\u043d\u044b", "start_date": "2020-04-30", "end_date": "2020-05-06", "description": "", "allow_answer_modify": true, "target_users": [1, 2, 3]}}, {"model": "backend.questionnaire", "pk": 2, "fields": {"title": "\u0422\u0435\u0441\u0442", "start_date": "2020-04-30", "end_date": "2020-05-06", "description": "", "allow_answer_modify": false, "target_users": [1, 2, 3]}}, {"model": "backend.questionnaire", "pk": 3, "fields": {"title": "\u043d\u043e\u0432\u044b\u0439", "start_date": "2020-05-01", "end_date": "2020-05-06", "description": "", "allow_answer_modify": false, "target_users": [1, 2, 3]}}, {"model": "backend.questionnaireresult", "pk": 81, "fields": {"user": 2, "questionnaire_content": 3, "answer": "3"}}, {"model": "backend.questionnaireresult", "pk": 82, "fields": {"user": 2, "questionnaire_content": 4, "answer": ["\u043e\u0447\u0435\u043d\u044c-\u043e\u0447\u0435\u043d\u044c \u043c\u043d\u043e\u0433\u043e", "\u0434\u043e\u0444\u0438\u0433\u0430", "\u0447\u0443\u0442\u044c-\u0447\u0443\u0442\u044c", "\u043c\u0430\u043b\u043e"]}}, {"model": "backend.questionnaireresult", "pk": 83, "fields": {"user": 2, "questionnaire_content": 5, "answer": "\u041a\u0430\u043a \u0440\u0435\u0448\u0438\u0442 \u0440\u0443\u043a\u043e\u0432\u043e\u0434\u0441\u0442\u0432\u043e"}}, {"model": "backend.questionnaireresult", "pk": 84, "fields": {"user": 2, "questionnaire_content": 8, "answer": "\u0421\u043e\u0432\u0441\u0435\u043c \u043d\u0435 \u043d\u0440\u0430\u0432\u0438\u0442\u0441\u044f"}}, {"model": "backend.questionnaireresult", "pk": 85, "fields": {"user": 2, "questionnaire_content": 10, "answer": ["\u041d\u0430\u0433\u0440\u0430\u0434\u0438\u0442\u044c \u043e\u0440\u0434\u0435\u043d\u043e\u043c", "\u0412\u044b\u043f\u0438\u0441\u0430\u0442\u044c \u043f\u0440\u0435\u043c\u0438\u044e", "\u0412\u044b\u0440\u0430\u0437\u0438\u0442\u044c \u0431\u043b\u0430\u0433\u043e\u0434\u0430\u0440\u043d\u043e\u0441\u0442\u044c"]}}, {"model": "backend.questionnaireresult", "pk": 86, "fields": {"user": 2, "questionnaire_content": 2, "answer": "\u041e\u043d \u043b\u0443\u0447\u0448\u0438\u0439"}}, {"model": "backend.questionnaireresult", "pk": 87, "fields": {"user": 1, "questionnaire_content": 2, "answer": "\u0421\u043e\u0432\u0441\u0435\u043c \u043d\u0435 \u043d\u0440\u0430\u0432\u0438\u0442\u0441\u044f"}}, {"model": "backend.questionnaireresult", "pk": 88, "fields": {"user": 1, "questionnaire_content": 1, "answer": "\u041a\u0430\u043a \u0440\u0435\u0448\u0438\u0442 \u0440\u0443\u043a\u043e\u0432\u043e\u0434\u0441\u0442\u0432\u043e"}}, {"model": "backend.questionnaireresult", "pk": 89, "fields": {"user": 1, "questionnaire_content": 9, "answer": ["\u041d\u0430\u0433\u0440\u0430\u0434\u0438\u0442\u044c \u043e\u0440\u0434\u0435\u043d\u043e\u043c", "\u0412\u044b\u043f\u0438\u0441\u0430\u0442\u044c \u043f\u0440\u0435\u043c\u0438\u044e"]}}, {"model": "backend.questionnaireresult", "pk": 90, "fields": {"user": 1, "questionnaire_content": 3, "answer": "4"}}, {"model": "backend.questionnaireresult", "pk": 91, "fields": {"user": 1, "questionnaire_content": 4, "answer": ["\u0434\u043e\u0444\u0438\u0433\u0430", "\u043e\u0447\u0435\u043d\u044c-\u043e\u0447\u0435\u043d\u044c \u043c\u043d\u043e\u0433\u043e"]}}, {"model": "backend.questionnaireresult", "pk": 92, "fields": {"user": 1, "questionnaire_content": 5, "answer": "\u041a\u0430\u043a \u0440\u0435\u0448\u0438\u0442 \u0440\u0443\u043a\u043e\u0432\u043e\u0434\u0441\u0442\u0432\u043e"}}, {"model": "backend.questionnaireresult", "pk": 93, "fields": {"user": 1, "questionnaire_content": 8, "answer": "\u041e\u043d \u043b\u0443\u0447\u0448\u0438\u0439"}}, {"model": "backend.questionnaireresult", "pk": 94, "fields": {"user": 1, "questionnaire_content": 10, "answer": ["\u0412\u044b\u0440\u0430\u0437\u0438\u0442\u044c \u0431\u043b\u0430\u0433\u043e\u0434\u0430\u0440\u043d\u043e\u0441\u0442\u044c"]}}, {"model": "backend.questionnaireresult", "pk": 95, "fields": {"user": 3, "questionnaire_content": 5, "answer": "\u041a\u0430\u043a \u0440\u0435\u0448\u0438\u0442 \u0440\u0443\u043a\u043e\u0432\u043e\u0434\u0441\u0442\u0432\u043e"}}, {"model": "backend.questionnaireresult", "pk": 96, "fields": {"user": 3, "questionnaire_content": 8, "answer": "\u041e\u043d \u043b\u0443\u0447\u0448\u0438\u0439"}}, {"model": "backend.questionnaireresult", "pk": 97, "fields": {"user": 3, "questionnaire_content": 10, "answer": ["\u0412\u044b\u0440\u0430\u0437\u0438\u0442\u044c \u0431\u043b\u0430\u0433\u043e\u0434\u0430\u0440\u043d\u043e\u0441\u0442\u044c", "\u0412\u044b\u043f\u0438\u0441\u0430\u0442\u044c \u043f\u0440\u0435\u043c\u0438\u044e", "\u041d\u0430\u0433\u0440\u0430\u0434\u0438\u0442\u044c \u043e\u0440\u0434\u0435\u043d\u043e\u043c"]}}, {"model": "backend.questionnaireresult", "pk": 98, "fields": {"user": 3, "questionnaire_content": 3, "answer": "4"}}, {"model": "backend.questionnaireresult", "pk": 99, "fields": {"user": 3, "questionnaire_content": 4, "answer": ["\u043c\u0430\u043b\u043e", "\u0447\u0443\u0442\u044c-\u0447\u0443\u0442\u044c"]}}, {"model": "backend.questionnaireresult", "pk": 100, "fields": {"user": 3, "questionnaire_content": 2, "answer": "\u0421\u043e\u0432\u0441\u0435\u043c \u043d\u0435 \u043d\u0440\u0430\u0432\u0438\u0442\u0441\u044f"}}, {"model": "backend.questionnaireresult", "pk": 101, "fields": {"user": 3, "questionnaire_content": 1, "answer": "25%"}}, {"model": "backend.questionnaireresult", "pk": 102, "fields": {"user": 3, "questionnaire_content": 9, "answer": ["\u041d\u0430\u0433\u0440\u0430\u0434\u0438\u0442\u044c \u043e\u0440\u0434\u0435\u043d\u043e\u043c"]}}, {"model": "admin.logentry", "pk": 1, "fields": {"action_time": "2020-04-30T17:40:59.153Z", "user": 1, "content_type": 7, "object_id": "1", "object_repr": "qq", "action_flag": 1, "change_message": "[{\"added\": {}}]"}}, {"model": "admin.logentry", "pk": 2, "fields": {"action_time": "2020-04-30T17:41:09.915Z", "user": 1, "content_type": 7, "object_id": "1", "object_repr": "qq", "action_flag": 2, "change_message": "[]"}}, {"model": "admin.logentry", "pk": 3, "fields": {"action_time": "2020-04-30T18:13:57.487Z", "user": 1, "content_type": 7, "object_id": "1", "object_repr": "\u0432\u043e\u043f\u0440\u043e\u0441 \u043f\u0440\u043e 2 + 2", "action_flag": 2, "change_message": "[{\"changed\": {\"fields\": [\"\\u041d\\u0430\\u0437\\u0432\\u0430\\u043d\\u0438\\u0435 \\u0432\\u043e\\u043f\\u0440\\u043e\\u0441\\u0430\", \"\\u0421\\u043e\\u0434\\u0435\\u0440\\u0436\\u0430\\u043d\\u0438\\u0435 \\u0432\\u043e\\u043f\\u0440\\u043e\\u0441\\u0430\"]}}, {\"added\": {\"name\": \"answer test question\", \"object\": \"AnswerTestQuestion object (1)\"}}, {\"added\": {\"name\": \"answer test question\", \"object\": \"AnswerTestQuestion object (2)\"}}, {\"added\": {\"name\": \"answer test question\", \"object\": \"AnswerTestQuestion object (3)\"}}]"}}, {"model": "admin.logentry", "pk": 4, "fields": {"action_time": "2020-04-30T18:14:10.336Z", "user": 1, "content_type": 7, "object_id": "1", "object_repr": "\u0432\u043e\u043f\u0440\u043e\u0441 \u043f\u0440\u043e 2 + 2", "action_flag": 2, "change_message": "[{\"changed\": {\"name\": \"answer test question\", \"object\": \"AnswerTestQuestion object (3)\", \"fields\": [\"IsCorrect\"]}}]"}}, {"model": "admin.logentry", "pk": 5, "fields": {"action_time": "2020-04-30T18:15:50.822Z", "user": 1, "content_type": 7, "object_id": "1", "object_repr": "\u0432\u043e\u043f\u0440\u043e\u0441 \u043f\u0440\u043e 2 + 2", "action_flag": 2, "change_message": "[]"}}, {"model": "admin.logentry", "pk": 6, "fields": {"action_time": "2020-04-30T18:17:16.468Z", "user": 1, "content_type": 7, "object_id": "2", "object_repr": "\u0412\u043e\u043f\u0440\u043e\u0441 \u043f\u0440\u043e \u0434\u0438\u0440\u0435\u043a\u0442\u043e\u0440\u0430", "action_flag": 1, "change_message": "[{\"added\": {}}, {\"added\": {\"name\": \"answer questionnaire\", \"object\": \"AnswerQuestionnaire object (1)\"}}, {\"added\": {\"name\": \"answer questionnaire\", \"object\": \"AnswerQuestionnaire object (2)\"}}, {\"added\": {\"name\": \"answer questionnaire\", \"object\": \"AnswerQuestionnaire object (3)\"}}]"}}, {"model": "admin.logentry", "pk": 7, "fields": {"action_time": "2020-04-30T19:14:49.958Z", "user": 1, "content_type": 4, "object_id": "1", "object_repr": "admin", "action_flag": 2, "change_message": "[{\"changed\": {\"fields\": [\"First name\"]}}]"}}, {"model": "admin.logentry", "pk": 8, "fields": {"action_time": "2020-04-30T19:15:43.746Z", "user": 1, "content_type": 8, "object_id": "1", "object_repr": "\u041e\u043f\u0440\u043e\u0441\u043d\u0438\u043a", "action_flag": 1, "change_message": "[{\"added\": {}}, {\"added\": {\"name\": \"\\u0421\\u043e\\u0434\\u0435\\u0440\\u0436\\u0438\\u043c\\u043e\\u0435 \\u043e\\u043f\\u0440\\u043e\\u0441\\u043d\\u0438\\u043a\\u0430\", \"object\": \"\\u041e\\u043f\\u0440\\u043e\\u0441\\u043d\\u0438\\u043a - \\u0432\\u043e\\u043f\\u0440\\u043e\\u0441 \\u043f\\u0440\\u043e 2 + 2 - 1 - 1\"}}, {\"added\": {\"name\": \"\\u0421\\u043e\\u0434\\u0435\\u0440\\u0436\\u0438\\u043c\\u043e\\u0435 \\u043e\\u043f\\u0440\\u043e\\u0441\\u043d\\u0438\\u043a\\u0430\", \"object\": \"\\u041e\\u043f\\u0440\\u043e\\u0441\\u043d\\u0438\\u043a - \\u0412\\u043e\\u043f\\u0440\\u043e\\u0441 \\u043f\\u0440\\u043e \\u0434\\u0438\\u0440\\u0435\\u043a\\u0442\\u043e\\u0440\\u0430 - 1 - 1\"}}]"}}, {"model": "admin.logentry", "pk": 9, "fields": {"action_time": "2020-04-30T19:17:05.581Z", "user": 1, "content_type": 4, "object_id": "2", "object_repr": "user1", "action_flag": 1, "change_message": "[{\"added\": {}}]"}}, {"model": "admin.logentry", "pk": 10, "fields": {"action_time": "2020-04-30T19:17:27.285Z", "user": 1, "content_type": 4, "object_id": "2", "object_repr": "user1", "action_flag": 2, "change_message": "[{\"changed\": {\"fields\": [\"First name\", \"Last name\"]}}]"}}, {"model": "admin.logentry", "pk": 11, "fields": {"action_time": "2020-04-30T19:18:02.610Z", "user": 1, "content_type": 8, "object_id": "1", "object_repr": "\u041e\u043f\u0440\u043e\u0441\u043d\u0438\u043a", "action_flag": 2, "change_message": "[{\"changed\": {\"fields\": [\"\\u0421\\u043e\\u0442\\u0440\\u0443\\u0434\\u043d\\u0438\\u043a\\u0438\"]}}]"}}, {"model": "admin.logentry", "pk": 12, "fields": {"action_time": "2020-04-30T19:56:03.169Z", "user": 1, "content_type": 8, "object_id": "1", "object_repr": "\u041e\u043f\u0440\u043e\u0441\u043d\u0438\u043a", "action_flag": 2, "change_message": "[]"}}, {"model": "admin.logentry", "pk": 13, "fields": {"action_time": "2020-04-30T19:59:24.994Z", "user": 1, "content_type": 7, "object_id": "2", "object_repr": "\u0412\u043e\u043f\u0440\u043e\u0441 \u043f\u0440\u043e \u0434\u0438\u0440\u0435\u043a\u0442\u043e\u0440\u0430", "action_flag": 2, "change_message": "[{\"added\": {\"name\": \"answer\", \"object\": \"Answer object (1)\"}}, {\"added\": {\"name\": \"answer\", \"object\": \"Answer object (2)\"}}, {\"added\": {\"name\": \"answer\", \"object\": \"Answer object (3)\"}}, {\"added\": {\"name\": \"answer\", \"object\": \"Answer object (4)\"}}, {\"added\": {\"name\": \"answer\", \"object\": \"Answer object (5)\"}}]"}}, {"model": "admin.logentry", "pk": 14, "fields": {"action_time": "2020-04-30T20:01:18.653Z", "user": 1, "content_type": 7, "object_id": "1", "object_repr": "\u0432\u043e\u043f\u0440\u043e\u0441 \u043f\u0440\u043e 2 + 2", "action_flag": 2, "change_message": "[{\"added\": {\"name\": \"answer\", \"object\": \"Answer object (6)\"}}, {\"added\": {\"name\": \"answer\", \"object\": \"Answer object (7)\"}}, {\"added\": {\"name\": \"answer\", \"object\": \"Answer object (8)\"}}, {\"added\": {\"name\": \"answer\", \"object\": \"Answer object (9)\"}}]"}}, {"model": "admin.logentry", "pk": 15, "fields": {"action_time": "2020-04-30T20:01:42.271Z", "user": 1, "content_type": 8, "object_id": "1", "object_repr": "\u041e\u043f\u0440\u043e\u0441\u043d\u0438\u043a", "action_flag": 2, "change_message": "[]"}}, {"model": "admin.logentry", "pk": 16, "fields": {"action_time": "2020-04-30T20:13:39.028Z", "user": 1, "content_type": 7, "object_id": "3", "object_repr": "\u0412\u043e\u043f\u0440\u043e\u0441 \u043e \u0437\u0430\u0440\u043f\u043b\u0430\u0442\u0435", "action_flag": 1, "change_message": "[{\"added\": {}}, {\"added\": {\"name\": \"response\", \"object\": \"Response object (1)\"}}, {\"added\": {\"name\": \"response\", \"object\": \"Response object (2)\"}}, {\"added\": {\"name\": \"response\", \"object\": \"Response object (3)\"}}]"}}, {"model": "admin.logentry", "pk": 17, "fields": {"action_time": "2020-04-30T20:15:33.560Z", "user": 1, "content_type": 7, "object_id": "4", "object_repr": "\u043e \u0441\u0438\u043d\u043e\u043d\u0438\u043c\u0430\u0445 \u043a \u0441\u043b\u043e\u0432\u0443 \"\u0431\u0435\u0441\u043a\u043e\u043d\u0435\u0447\u043d\u043e\u0441\u0442\u044c\"", "action_flag": 1, "change_message": "[{\"added\": {}}, {\"added\": {\"name\": \"response\", \"object\": \"Response object (4)\"}}, {\"added\": {\"name\": \"response\", \"object\": \"Response object (5)\"}}, {\"added\": {\"name\": \"response\", \"object\": \"Response object (6)\"}}, {\"added\": {\"name\": \"response\", \"object\": \"Response object (7)\"}}]"}}, {"model": "admin.logentry", "pk": 18, "fields": {"action_time": "2020-04-30T20:15:51.467Z", "user": 1, "content_type": 8, "object_id": "1", "object_repr": "\u041e\u043f\u0440\u043e\u0441\u043d\u0438\u043a", "action_flag": 2, "change_message": "[{\"changed\": {\"name\": \"\\u0421\\u043e\\u0434\\u0435\\u0440\\u0436\\u0438\\u043c\\u043e\\u0435 \\u043e\\u043f\\u0440\\u043e\\u0441\\u043d\\u0438\\u043a\\u0430\", \"object\": \"\\u041e\\u043f\\u0440\\u043e\\u0441\\u043d\\u0438\\u043a - \\u0412\\u043e\\u043f\\u0440\\u043e\\u0441 \\u043e \\u0437\\u0430\\u0440\\u043f\\u043b\\u0430\\u0442\\u0435 - 1 - 1\", \"fields\": [\"\\u0412\\u043e\\u043f\\u0440\\u043e\\u0441\"]}}]"}}, {"model": "admin.logentry", "pk": 19, "fields": {"action_time": "2020-04-30T20:16:16.452Z", "user": 1, "content_type": 8, "object_id": "2", "object_repr": "\u0422\u0435\u0441\u0442", "action_flag": 1, "change_message": "[{\"added\": {}}, {\"added\": {\"name\": \"\\u0421\\u043e\\u0434\\u0435\\u0440\\u0436\\u0438\\u043c\\u043e\\u0435 \\u043e\\u043f\\u0440\\u043e\\u0441\\u043d\\u0438\\u043a\\u0430\", \"object\": \"\\u0422\\u0435\\u0441\\u0442 - \\u0432\\u043e\\u043f\\u0440\\u043e\\u0441 \\u043f\\u0440\\u043e 2 + 2 - 1 - 1\"}}, {\"added\": {\"name\": \"\\u0421\\u043e\\u0434\\u0435\\u0440\\u0436\\u0438\\u043c\\u043e\\u0435 \\u043e\\u043f\\u0440\\u043e\\u0441\\u043d\\u0438\\u043a\\u0430\", \"object\": \"\\u0422\\u0435\\u0441\\u0442 - \\u043e \\u0441\\u0438\\u043d\\u043e\\u043d\\u0438\\u043c\\u0430\\u0445 \\u043a \\u0441\\u043b\\u043e\\u0432\\u0443 \\\"\\u0431\\u0435\\u0441\\u043a\\u043e\\u043d\\u0435\\u0447\\u043d\\u043e\\u0441\\u0442\\u044c\\\" - 1 - 1\"}}]"}}, {"model": "admin.logentry", "pk": 20, "fields": {"action_time": "2020-05-01T02:58:02.124Z", "user": 1, "content_type": 8, "object_id": "2", "object_repr": "\u0422\u0435\u0441\u0442", "action_flag": 2, "change_message": "[{\"changed\": {\"fields\": [\"\\u0414\\u0430\\u0442\\u0430 \\u043e\\u043a\\u043e\\u043d\\u0447\\u0430\\u043d\\u0438\\u044f \\u043e\\u043f\\u0440\\u043e\\u0441\\u0430\"]}}]"}}, {"model": "admin.logentry", "pk": 21, "fields": {"action_time": "2020-05-01T02:58:12.138Z", "user": 1, "content_type": 8, "object_id": "1", "object_repr": "\u041e\u043f\u0440\u043e\u0441\u043d\u0438\u043a", "action_flag": 2, "change_message": "[{\"changed\": {\"fields\": [\"\\u0414\\u0430\\u0442\\u0430 \\u043e\\u043a\\u043e\\u043d\\u0447\\u0430\\u043d\\u0438\\u044f \\u043e\\u043f\\u0440\\u043e\\u0441\\u0430\"]}}]"}}, {"model": "admin.logentry", "pk": 22, "fields": {"action_time": "2020-05-01T03:12:02.985Z", "user": 1, "content_type": 7, "object_id": "1", "object_repr": "\u0432\u043e\u043f\u0440\u043e\u0441 \u043f\u0440\u043e 2 + 2", "action_flag": 2, "change_message": "[{\"added\": {\"name\": \"response\", \"object\": \"Response object (8)\"}}, {\"added\": {\"name\": \"response\", \"object\": \"Response object (9)\"}}, {\"added\": {\"name\": \"response\", \"object\": \"Response object (10)\"}}]"}}, {"model": "admin.logentry", "pk": 23, "fields": {"action_time": "2020-05-01T03:25:25.487Z", "user": 1, "content_type": 7, "object_id": "2", "object_repr": "\u0412\u043e\u043f\u0440\u043e\u0441 \u043f\u0440\u043e \u0434\u0438\u0440\u0435\u043a\u0442\u043e\u0440\u0430", "action_flag": 2, "change_message": "[{\"added\": {\"name\": \"response\", \"object\": \"Response object (11)\"}}, {\"added\": {\"name\": \"response\", \"object\": \"Response object (12)\"}}, {\"added\": {\"name\": \"response\", \"object\": \"Response object (13)\"}}]"}}, {"model": "admin.logentry", "pk": 24, "fields": {"action_time": "2020-05-01T03:26:24.874Z", "user": 1, "content_type": 7, "object_id": "2", "object_repr": "\u0412\u043e\u043f\u0440\u043e\u0441 \u043f\u0440\u043e \u0434\u0438\u0440\u0435\u043a\u0442\u043e\u0440\u0430", "action_flag": 2, "change_message": "[]"}}, {"model": "admin.logentry", "pk": 25, "fields": {"action_time": "2020-05-01T03:47:26.686Z", "user": 1, "content_type": 8, "object_id": "1", "object_repr": "\u041e\u043f\u0440\u043e\u0441\u043d\u0438\u043a", "action_flag": 2, "change_message": "[{\"changed\": {\"fields\": [\"\\u0420\\u0430\\u0437\\u0440\\u0435\\u0448\\u0438\\u0442\\u044c \\u043f\\u043e\\u043b\\u044c\\u0437\\u043e\\u0432\\u0430\\u0442\\u0435\\u043b\\u044e \\u043c\\u0435\\u043d\\u044f\\u0442\\u044c \\u0441\\u043e\\u0445\\u0440\\u0430\\u043d\\u0435\\u043d\\u043d\\u044b\\u0435 \\u043e\\u0442\\u0432\\u0435\\u0442\\u044b\"]}}]"}}, {"model": "admin.logentry", "pk": 26, "fields": {"action_time": "2020-05-01T03:47:33.906Z", "user": 1, "content_type": 8, "object_id": "1", "object_repr": "\u041e\u043f\u0440\u043e\u0441\u043d\u0438\u043a", "action_flag": 2, "change_message": "[]"}}, {"model": "admin.logentry", "pk": 27, "fields": {"action_time": "2020-05-01T03:47:40.064Z", "user": 1, "content_type": 8, "object_id": "2", "object_repr": "\u0422\u0435\u0441\u0442", "action_flag": 2, "change_message": "[{\"changed\": {\"fields\": [\"\\u0420\\u0430\\u0437\\u0440\\u0435\\u0448\\u0438\\u0442\\u044c \\u043f\\u043e\\u043b\\u044c\\u0437\\u043e\\u0432\\u0430\\u0442\\u0435\\u043b\\u044e \\u043c\\u0435\\u043d\\u044f\\u0442\\u044c \\u0441\\u043e\\u0445\\u0440\\u0430\\u043d\\u0435\\u043d\\u043d\\u044b\\u0435 \\u043e\\u0442\\u0432\\u0435\\u0442\\u044b\"]}}]"}}, {"model": "admin.logentry", "pk": 28, "fields": {"action_time": "2020-05-01T03:48:06.434Z", "user": 1, "content_type": 8, "object_id": "2", "object_repr": "\u0422\u0435\u0441\u0442", "action_flag": 2, "change_message": "[{\"changed\": {\"fields\": [\"\\u0420\\u0430\\u0437\\u0440\\u0435\\u0448\\u0438\\u0442\\u044c \\u043f\\u043e\\u043b\\u044c\\u0437\\u043e\\u0432\\u0430\\u0442\\u0435\\u043b\\u044e \\u043c\\u0435\\u043d\\u044f\\u0442\\u044c \\u0441\\u043e\\u0445\\u0440\\u0430\\u043d\\u0435\\u043d\\u043d\\u044b\\u0435 \\u043e\\u0442\\u0432\\u0435\\u0442\\u044b\"]}}]"}}, {"model": "admin.logentry", "pk": 29, "fields": {"action_time": "2020-05-01T03:48:11.960Z", "user": 1, "content_type": 8, "object_id": "1", "object_repr": "\u041e\u043f\u0440\u043e\u0441\u043d\u0438\u043a", "action_flag": 2, "change_message": "[{\"changed\": {\"fields\": [\"\\u0420\\u0430\\u0437\\u0440\\u0435\\u0448\\u0438\\u0442\\u044c \\u043f\\u043e\\u043b\\u044c\\u0437\\u043e\\u0432\\u0430\\u0442\\u0435\\u043b\\u044e \\u043c\\u0435\\u043d\\u044f\\u0442\\u044c \\u0441\\u043e\\u0445\\u0440\\u0430\\u043d\\u0435\\u043d\\u043d\\u044b\\u0435 \\u043e\\u0442\\u0432\\u0435\\u0442\\u044b\"]}}]"}}, {"model": "admin.logentry", "pk": 30, "fields": {"action_time": "2020-05-01T04:11:17.047Z", "user": 1, "content_type": 8, "object_id": "2", "object_repr": "\u0422\u0435\u0441\u0442", "action_flag": 2, "change_message": "[{\"changed\": {\"fields\": [\"\\u0420\\u0430\\u0437\\u0440\\u0435\\u0448\\u0438\\u0442\\u044c \\u043f\\u043e\\u043b\\u044c\\u0437\\u043e\\u0432\\u0430\\u0442\\u0435\\u043b\\u044e \\u043c\\u0435\\u043d\\u044f\\u0442\\u044c \\u0441\\u043e\\u0445\\u0440\\u0430\\u043d\\u0435\\u043d\\u043d\\u044b\\u0435 \\u043e\\u0442\\u0432\\u0435\\u0442\\u044b\"]}}]"}}, {"model": "admin.logentry", "pk": 31, "fields": {"action_time": "2020-05-01T04:13:36.141Z", "user": 1, "content_type": 8, "object_id": "1", "object_repr": "\u041e\u043f\u0440\u043e\u0441\u043d\u0438\u043a", "action_flag": 2, "change_message": "[{\"changed\": {\"fields\": [\"\\u0420\\u0430\\u0437\\u0440\\u0435\\u0448\\u0438\\u0442\\u044c \\u043f\\u043e\\u043b\\u044c\\u0437\\u043e\\u0432\\u0430\\u0442\\u0435\\u043b\\u044e \\u043c\\u0435\\u043d\\u044f\\u0442\\u044c \\u0441\\u043e\\u0445\\u0440\\u0430\\u043d\\u0435\\u043d\\u043d\\u044b\\u0435 \\u043e\\u0442\\u0432\\u0435\\u0442\\u044b\"]}}]"}}, {"model": "admin.logentry", "pk": 32, "fields": {"action_time": "2020-05-01T04:14:16.350Z", "user": 1, "content_type": 8, "object_id": "2", "object_repr": "\u0422\u0435\u0441\u0442", "action_flag": 2, "change_message": "[{\"changed\": {\"fields\": [\"\\u0420\\u0430\\u0437\\u0440\\u0435\\u0448\\u0438\\u0442\\u044c \\u043f\\u043e\\u043b\\u044c\\u0437\\u043e\\u0432\\u0430\\u0442\\u0435\\u043b\\u044e \\u043c\\u0435\\u043d\\u044f\\u0442\\u044c \\u0441\\u043e\\u0445\\u0440\\u0430\\u043d\\u0435\\u043d\\u043d\\u044b\\u0435 \\u043e\\u0442\\u0432\\u0435\\u0442\\u044b\"]}}]"}}, {"model": "admin.logentry", "pk": 33, "fields": {"action_time": "2020-05-01T04:14:21.907Z", "user": 1, "content_type": 8, "object_id": "1", "object_repr": "\u041e\u043f\u0440\u043e\u0441\u043d\u0438\u043a", "action_flag": 2, "change_message": "[{\"changed\": {\"fields\": [\"\\u0420\\u0430\\u0437\\u0440\\u0435\\u0448\\u0438\\u0442\\u044c \\u043f\\u043e\\u043b\\u044c\\u0437\\u043e\\u0432\\u0430\\u0442\\u0435\\u043b\\u044e \\u043c\\u0435\\u043d\\u044f\\u0442\\u044c \\u0441\\u043e\\u0445\\u0440\\u0430\\u043d\\u0435\\u043d\\u043d\\u044b\\u0435 \\u043e\\u0442\\u0432\\u0435\\u0442\\u044b\"]}}]"}}, {"model": "admin.logentry", "pk": 34, "fields": {"action_time": "2020-05-01T04:25:22.716Z", "user": 1, "content_type": 8, "object_id": "1", "object_repr": "\u041e\u043f\u0440\u043e\u0441\u043d\u0438\u043a", "action_flag": 2, "change_message": "[{\"changed\": {\"fields\": [\"\\u0421\\u043e\\u0442\\u0440\\u0443\\u0434\\u043d\\u0438\\u043a\\u0438\"]}}]"}}, {"model": "admin.logentry", "pk": 35, "fields": {"action_time": "2020-05-01T04:25:54.038Z", "user": 1, "content_type": 8, "object_id": "1", "object_repr": "\u041e\u043f\u0440\u043e\u0441\u043d\u0438\u043a", "action_flag": 2, "change_message": "[{\"changed\": {\"fields\": [\"\\u0421\\u043e\\u0442\\u0440\\u0443\\u0434\\u043d\\u0438\\u043a\\u0438\"]}}]"}}, {"model": "admin.logentry", "pk": 36, "fields": {"action_time": "2020-05-01T08:58:16.274Z", "user": 1, "content_type": 8, "object_id": "3", "object_repr": "\u043d\u043e\u0432\u044b\u0439", "action_flag": 1, "change_message": "[{\"added\": {}}, {\"added\": {\"name\": \"\\u0421\\u043e\\u0434\\u0435\\u0440\\u0436\\u0438\\u043c\\u043e\\u0435 \\u043e\\u043f\\u0440\\u043e\\u0441\\u043d\\u0438\\u043a\\u0430\", \"object\": \"\\u043d\\u043e\\u0432\\u044b\\u0439 - \\u0412\\u043e\\u043f\\u0440\\u043e\\u0441 \\u043e \\u0437\\u0430\\u0440\\u043f\\u043b\\u0430\\u0442\\u0435 - 1 - 1\"}}, {\"added\": {\"name\": \"\\u0421\\u043e\\u0434\\u0435\\u0440\\u0436\\u0438\\u043c\\u043e\\u0435 \\u043e\\u043f\\u0440\\u043e\\u0441\\u043d\\u0438\\u043a\\u0430\", \"object\": \"\\u043d\\u043e\\u0432\\u044b\\u0439 - \\u043e \\u0441\\u0438\\u043d\\u043e\\u043d\\u0438\\u043c\\u0430\\u0445 \\u043a \\u0441\\u043b\\u043e\\u0432\\u0443 \\\"\\u0431\\u0435\\u0441\\u043a\\u043e\\u043d\\u0435\\u0447\\u043d\\u043e\\u0441\\u0442\\u044c\\\" - 1 - 1\"}}, {\"added\": {\"name\": \"\\u0421\\u043e\\u0434\\u0435\\u0440\\u0436\\u0438\\u043c\\u043e\\u0435 \\u043e\\u043f\\u0440\\u043e\\u0441\\u043d\\u0438\\u043a\\u0430\", \"object\": \"\\u043d\\u043e\\u0432\\u044b\\u0439 - \\u0432\\u043e\\u043f\\u0440\\u043e\\u0441 \\u043f\\u0440\\u043e 2 + 2 - 1 - 1\"}}, {\"added\": {\"name\": \"\\u0421\\u043e\\u0434\\u0435\\u0440\\u0436\\u0438\\u043c\\u043e\\u0435 \\u043e\\u043f\\u0440\\u043e\\u0441\\u043d\\u0438\\u043a\\u0430\", \"object\": \"\\u043d\\u043e\\u0432\\u044b\\u0439 - \\u0412\\u043e\\u043f\\u0440\\u043e\\u0441 \\u043f\\u0440\\u043e \\u0434\\u0438\\u0440\\u0435\\u043a\\u0442\\u043e\\u0440\\u0430 - 1 - 1\"}}]"}}, {"model": "admin.logentry", "pk": 37, "fields": {"action_time": "2020-05-01T09:04:52.550Z", "user": 1, "content_type": 8, "object_id": "1", "object_repr": "\u041e\u043f\u0440\u043e\u0441\u043d\u0438\u043a", "action_flag": 2, "change_message": "[{\"changed\": {\"fields\": [\"\\u0420\\u0430\\u0437\\u0440\\u0435\\u0448\\u0438\\u0442\\u044c \\u043f\\u043e\\u043b\\u044c\\u0437\\u043e\\u0432\\u0430\\u0442\\u0435\\u043b\\u044e \\u043c\\u0435\\u043d\\u044f\\u0442\\u044c \\u0441\\u043e\\u0445\\u0440\\u0430\\u043d\\u0435\\u043d\\u043d\\u044b\\u0435 \\u043e\\u0442\\u0432\\u0435\\u0442\\u044b\"]}}]"}}, {"model": "admin.logentry", "pk": 38, "fields": {"action_time": "2020-05-04T08:29:31.446Z", "user": 1, "content_type": 8, "object_id": "1", "object_repr": "\u041e\u043f\u0440\u043e\u0441\u043d\u0438\u043a", "action_flag": 2, "change_message": "[{\"changed\": {\"fields\": [\"\\u0414\\u0430\\u0442\\u0430 \\u043e\\u043a\\u043e\\u043d\\u0447\\u0430\\u043d\\u0438\\u044f \\u043e\\u043f\\u0440\\u043e\\u0441\\u0430\"]}}]"}}, {"model": "admin.logentry", "pk": 39, "fields": {"action_time": "2020-05-04T08:31:57.956Z", "user": 1, "content_type": 8, "object_id": "2", "object_repr": "\u0422\u0435\u0441\u0442", "action_flag": 2, "change_message": "[{\"changed\": {\"fields\": [\"\\u0414\\u0430\\u0442\\u0430 \\u043e\\u043a\\u043e\\u043d\\u0447\\u0430\\u043d\\u0438\\u044f \\u043e\\u043f\\u0440\\u043e\\u0441\\u0430\"]}}]"}}, {"model": "admin.logentry", "pk": 40, "fields": {"action_time": "2020-05-04T08:32:06.568Z", "user": 1, "content_type": 8, "object_id": "1", "object_repr": "\u041e\u043f\u0440\u043e\u0441\u043d\u0438\u043a", "action_flag": 2, "change_message": "[{\"changed\": {\"fields\": [\"\\u0414\\u0430\\u0442\\u0430 \\u043e\\u043a\\u043e\\u043d\\u0447\\u0430\\u043d\\u0438\\u044f \\u043e\\u043f\\u0440\\u043e\\u0441\\u0430\"]}}]"}}, {"model": "admin.logentry", "pk": 41, "fields": {"action_time": "2020-05-04T10:55:14.437Z", "user": 1, "content_type": 8, "object_id": "2", "object_repr": "\u0422\u0435\u0441\u0442", "action_flag": 2, "change_message": "[{\"changed\": {\"fields\": [\"\\u0414\\u0430\\u0442\\u0430 \\u043e\\u043a\\u043e\\u043d\\u0447\\u0430\\u043d\\u0438\\u044f \\u043e\\u043f\\u0440\\u043e\\u0441\\u0430\"]}}]"}}, {"model": "admin.logentry", "pk": 42, "fields": {"action_time": "2020-05-04T10:56:00.976Z", "user": 1, "content_type": 7, "object_id": "4", "object_repr": "\u043e \u0441\u0438\u043d\u043e\u043d\u0438\u043c\u0430\u0445 \u043a \u0441\u043b\u043e\u0432\u0443 \"\u0431\u0435\u0441\u043a\u043e\u043d\u0435\u0447\u043d\u043e\u0441\u0442\u044c\"", "action_flag": 2, "change_message": "[{\"changed\": {\"name\": \"response\", \"object\": \"Response object (5)\", \"fields\": [\"\\u041e\\u0442\\u0432\\u0435\\u0442 \\u043d\\u0430 \\u0432\\u043e\\u043f\\u0440\\u043e\\u0441\"]}}]"}}, {"model": "admin.logentry", "pk": 43, "fields": {"action_time": "2020-05-04T10:58:06.151Z", "user": 1, "content_type": 8, "object_id": "1", "object_repr": "\u041e\u043f\u0440\u043e\u0441\u043d\u0438\u043a, \u0433\u0434\u0435 \u043e\u0442\u0432\u0435\u0442\u044b \u043f\u043e\u043b\u044c\u0437\u043e\u0432\u0430\u0442\u0435\u043b\u0435\u0439 \u043c\u043e\u0433\u0443\u0442 \u0431\u044b\u0442\u044c \u0438\u043c\u0438 \u0438\u0437\u043c\u0435\u043d\u0435\u043d\u044b", "action_flag": 2, "change_message": "[{\"changed\": {\"fields\": [\"\\u041d\\u0430\\u0437\\u0432\\u0430\\u043d\\u0438\\u0435 \\u043e\\u043f\\u0440\\u043e\\u0441\\u043d\\u0438\\u043a\\u0430\"]}}]"}}, {"model": "admin.logentry", "pk": 44, "fields": {"action_time": "2020-05-04T17:10:30.009Z", "user": 1, "content_type": 7, "object_id": "3", "object_repr": "\u0412\u043e\u043f\u0440\u043e\u0441 \u043e \u0437\u0430\u0440\u043f\u043b\u0430\u0442\u0435", "action_flag": 2, "change_message": "[{\"changed\": {\"fields\": [\"\\u041a\\u043e\\u043b\\u0438\\u0447\\u0435\\u0441\\u0442\\u0432\\u043e \\u043f\\u0440\\u0438\\u043d\\u0438\\u043c\\u0430\\u0435\\u043c\\u044b\\u0445 \\u043e\\u0442\\u0432\\u0435\\u0442\\u043e\\u0432\"]}}]"}}, {"model": "admin.logentry", "pk": 45, "fields": {"action_time": "2020-05-04T17:57:30.801Z", "user": 1, "content_type": 7, "object_id": "3", "object_repr": "\u0412\u043e\u043f\u0440\u043e\u0441 \u043e \u0437\u0430\u0440\u043f\u043b\u0430\u0442\u0435", "action_flag": 2, "change_message": "[{\"changed\": {\"fields\": [\"\\u041a\\u043e\\u043b\\u0438\\u0447\\u0435\\u0441\\u0442\\u0432\\u043e \\u043f\\u0440\\u0438\\u043d\\u0438\\u043c\\u0430\\u0435\\u043c\\u044b\\u0445 \\u043e\\u0442\\u0432\\u0435\\u0442\\u043e\\u0432\"]}}]"}}, {"model": "admin.logentry", "pk": 46, "fields": {"action_time": "2020-05-04T17:58:39.183Z", "user": 1, "content_type": 8, "object_id": "2", "object_repr": "\u0422\u0435\u0441\u0442", "action_flag": 2, "change_message": "[{\"changed\": {\"fields\": [\"\\u0420\\u0430\\u0437\\u0440\\u0435\\u0448\\u0438\\u0442\\u044c \\u043f\\u043e\\u043b\\u044c\\u0437\\u043e\\u0432\\u0430\\u0442\\u0435\\u043b\\u044e \\u043c\\u0435\\u043d\\u044f\\u0442\\u044c \\u0441\\u043e\\u0445\\u0440\\u0430\\u043d\\u0435\\u043d\\u043d\\u044b\\u0435 \\u043e\\u0442\\u0432\\u0435\\u0442\\u044b\"]}}]"}}, {"model": "admin.logentry", "pk": 47, "fields": {"action_time": "2020-05-04T17:58:45.877Z", "user": 1, "content_type": 8, "object_id": "3", "object_repr": "\u043d\u043e\u0432\u044b\u0439", "action_flag": 2, "change_message": "[{\"changed\": {\"fields\": [\"\\u0420\\u0430\\u0437\\u0440\\u0435\\u0448\\u0438\\u0442\\u044c \\u043f\\u043e\\u043b\\u044c\\u0437\\u043e\\u0432\\u0430\\u0442\\u0435\\u043b\\u044e \\u043c\\u0435\\u043d\\u044f\\u0442\\u044c \\u0441\\u043e\\u0445\\u0440\\u0430\\u043d\\u0435\\u043d\\u043d\\u044b\\u0435 \\u043e\\u0442\\u0432\\u0435\\u0442\\u044b\"]}}]"}}, {"model": "admin.logentry", "pk": 48, "fields": {"action_time": "2020-05-04T17:58:50.945Z", "user": 1, "content_type": 8, "object_id": "1", "object_repr": "\u041e\u043f\u0440\u043e\u0441\u043d\u0438\u043a, \u0433\u0434\u0435 \u043e\u0442\u0432\u0435\u0442\u044b \u043f\u043e\u043b\u044c\u0437\u043e\u0432\u0430\u0442\u0435\u043b\u0435\u0439 \u043c\u043e\u0433\u0443\u0442 \u0431\u044b\u0442\u044c \u0438\u043c\u0438 \u0438\u0437\u043c\u0435\u043d\u0435\u043d\u044b", "action_flag": 2, "change_message": "[]"}}, {"model": "admin.logentry", "pk": 49, "fields": {"action_time": "2020-05-04T18:01:39.338Z", "user": 1, "content_type": 7, "object_id": "5", "object_repr": "\u041e \u043f\u043e\u043e\u0449\u0440\u0435\u043d\u0438\u0438 \u043d\u0430\u0448\u0435\u0433\u043e \u0434\u0438\u0440\u0435\u043a\u0442\u043e\u0440\u0430", "action_flag": 1, "change_message": "[{\"added\": {}}, {\"added\": {\"name\": \"response\", \"object\": \"Response object (14)\"}}, {\"added\": {\"name\": \"response\", \"object\": \"Response object (15)\"}}, {\"added\": {\"name\": \"response\", \"object\": \"Response object (16)\"}}]"}}, {"model": "admin.logentry", "pk": 50, "fields": {"action_time": "2020-05-04T18:01:58.985Z", "user": 1, "content_type": 8, "object_id": "1", "object_repr": "\u041e\u043f\u0440\u043e\u0441\u043d\u0438\u043a, \u0433\u0434\u0435 \u043e\u0442\u0432\u0435\u0442\u044b \u043f\u043e\u043b\u044c\u0437\u043e\u0432\u0430\u0442\u0435\u043b\u0435\u0439 \u043c\u043e\u0433\u0443\u0442 \u0431\u044b\u0442\u044c \u0438\u043c\u0438 \u0438\u0437\u043c\u0435\u043d\u0435\u043d\u044b", "action_flag": 2, "change_message": "[{\"added\": {\"name\": \"\\u0421\\u043e\\u0434\\u0435\\u0440\\u0436\\u0438\\u043c\\u043e\\u0435 \\u043e\\u043f\\u0440\\u043e\\u0441\\u043d\\u0438\\u043a\\u0430\", \"object\": \"\\u041e\\u043f\\u0440\\u043e\\u0441\\u043d\\u0438\\u043a, \\u0433\\u0434\\u0435 \\u043e\\u0442\\u0432\\u0435\\u0442\\u044b \\u043f\\u043e\\u043b\\u044c\\u0437\\u043e\\u0432\\u0430\\u0442\\u0435\\u043b\\u0435\\u0439 \\u043c\\u043e\\u0433\\u0443\\u0442 \\u0431\\u044b\\u0442\\u044c \\u0438\\u043c\\u0438 \\u0438\\u0437\\u043c\\u0435\\u043d\\u0435\\u043d\\u044b - \\u041e \\u043f\\u043e\\u043e\\u0449\\u0440\\u0435\\u043d\\u0438\\u0438 \\u043d\\u0430\\u0448\\u0435\\u0433\\u043e \\u0434\\u0438\\u0440\\u0435\\u043a\\u0442\\u043e\\u0440\\u0430 - 1 - 1\"}}]"}}, {"model": "admin.logentry", "pk": 51, "fields": {"action_time": "2020-05-04T18:02:57.857Z", "user": 1, "content_type": 8, "object_id": "3", "object_repr": "\u043d\u043e\u0432\u044b\u0439", "action_flag": 2, "change_message": "[{\"added\": {\"name\": \"\\u0421\\u043e\\u0434\\u0435\\u0440\\u0436\\u0438\\u043c\\u043e\\u0435 \\u043e\\u043f\\u0440\\u043e\\u0441\\u043d\\u0438\\u043a\\u0430\", \"object\": \"\\u043d\\u043e\\u0432\\u044b\\u0439 - \\u041e \\u043f\\u043e\\u043e\\u0449\\u0440\\u0435\\u043d\\u0438\\u0438 \\u043d\\u0430\\u0448\\u0435\\u0433\\u043e \\u0434\\u0438\\u0440\\u0435\\u043a\\u0442\\u043e\\u0440\\u0430 - 1 - 1\"}}, {\"deleted\": {\"name\": \"\\u0421\\u043e\\u0434\\u0435\\u0440\\u0436\\u0438\\u043c\\u043e\\u0435 \\u043e\\u043f\\u0440\\u043e\\u0441\\u043d\\u0438\\u043a\\u0430\", \"object\": \"\\u043d\\u043e\\u0432\\u044b\\u0439 - \\u043e \\u0441\\u0438\\u043d\\u043e\\u043d\\u0438\\u043c\\u0430\\u0445 \\u043a \\u0441\\u043b\\u043e\\u0432\\u0443 \\\"\\u0431\\u0435\\u0441\\u043a\\u043e\\u043d\\u0435\\u0447\\u043d\\u043e\\u0441\\u0442\\u044c\\\" - 1 - 1\"}}, {\"deleted\": {\"name\": \"\\u0421\\u043e\\u0434\\u0435\\u0440\\u0436\\u0438\\u043c\\u043e\\u0435 \\u043e\\u043f\\u0440\\u043e\\u0441\\u043d\\u0438\\u043a\\u0430\", \"object\": \"\\u043d\\u043e\\u0432\\u044b\\u0439 - \\u0432\\u043e\\u043f\\u0440\\u043e\\u0441 \\u043f\\u0440\\u043e 2 + 2 - 1 - 1\"}}]"}}, {"model": "admin.logentry", "pk": 52, "fields": {"action_time": "2020-05-04T18:04:04.586Z", "user": 1, "content_type": 8, "object_id": "2", "object_repr": "\u0422\u0435\u0441\u0442", "action_flag": 2, "change_message": "[{\"changed\": {\"fields\": [\"\\u0420\\u0430\\u0437\\u0440\\u0435\\u0448\\u0438\\u0442\\u044c \\u043f\\u043e\\u043b\\u044c\\u0437\\u043e\\u0432\\u0430\\u0442\\u0435\\u043b\\u044e \\u043c\\u0435\\u043d\\u044f\\u0442\\u044c \\u0441\\u043e\\u0445\\u0440\\u0430\\u043d\\u0435\\u043d\\u043d\\u044b\\u0435 \\u043e\\u0442\\u0432\\u0435\\u0442\\u044b\"]}}]"}}, {"model": "admin.logentry", "pk": 53, "fields": {"action_time": "2020-05-04T18:10:34.979Z", "user": 1, "content_type": 8, "object_id": "2", "object_repr": "\u0422\u0435\u0441\u0442", "action_flag": 2, "change_message": "[{\"changed\": {\"fields\": [\"\\u0420\\u0430\\u0437\\u0440\\u0435\\u0448\\u0438\\u0442\\u044c \\u043f\\u043e\\u043b\\u044c\\u0437\\u043e\\u0432\\u0430\\u0442\\u0435\\u043b\\u044e \\u043c\\u0435\\u043d\\u044f\\u0442\\u044c \\u0441\\u043e\\u0445\\u0440\\u0430\\u043d\\u0435\\u043d\\u043d\\u044b\\u0435 \\u043e\\u0442\\u0432\\u0435\\u0442\\u044b\"]}}]"}}, {"model": "admin.logentry", "pk": 54, "fields": {"action_time": "2020-05-04T18:52:52.696Z", "user": 1, "content_type": 8, "object_id": "2", "object_repr": "\u0422\u0435\u0441\u0442", "action_flag": 2, "change_message": "[{\"changed\": {\"fields\": [\"\\u0420\\u0430\\u0437\\u0440\\u0435\\u0448\\u0438\\u0442\\u044c \\u043f\\u043e\\u043b\\u044c\\u0437\\u043e\\u0432\\u0430\\u0442\\u0435\\u043b\\u044e \\u043c\\u0435\\u043d\\u044f\\u0442\\u044c \\u0441\\u043e\\u0445\\u0440\\u0430\\u043d\\u0435\\u043d\\u043d\\u044b\\u0435 \\u043e\\u0442\\u0432\\u0435\\u0442\\u044b\"]}}]"}}, {"model": "admin.logentry", "pk": 55, "fields": {"action_time": "2020-05-04T18:53:34.212Z", "user": 1, "content_type": 8, "object_id": "3", "object_repr": "\u043d\u043e\u0432\u044b\u0439", "action_flag": 2, "change_message": "[{\"changed\": {\"fields\": [\"\\u0420\\u0430\\u0437\\u0440\\u0435\\u0448\\u0438\\u0442\\u044c \\u043f\\u043e\\u043b\\u044c\\u0437\\u043e\\u0432\\u0430\\u0442\\u0435\\u043b\\u044e \\u043c\\u0435\\u043d\\u044f\\u0442\\u044c \\u0441\\u043e\\u0445\\u0440\\u0430\\u043d\\u0435\\u043d\\u043d\\u044b\\u0435 \\u043e\\u0442\\u0432\\u0435\\u0442\\u044b\"]}}]"}}, {"model": "admin.logentry", "pk": 56, "fields": {"action_time": "2020-05-04T20:10:11.901Z", "user": 1, "content_type": 8, "object_id": "3", "object_repr": "\u043d\u043e\u0432\u044b\u0439", "action_flag": 2, "change_message": "[{\"changed\": {\"fields\": [\"\\u0421\\u043e\\u0442\\u0440\\u0443\\u0434\\u043d\\u0438\\u043a\\u0438\"]}}]"}}, {"model": "admin.logentry", "pk": 57, "fields": {"action_time": "2020-05-04T20:10:19.128Z", "user": 1, "content_type": 8, "object_id": "2", "object_repr": "\u0422\u0435\u0441\u0442", "action_flag": 2, "change_message": "[{\"changed\": {\"fields\": [\"\\u0421\\u043e\\u0442\\u0440\\u0443\\u0434\\u043d\\u0438\\u043a\\u0438\"]}}]"}}, {"model": "admin.logentry", "pk": 58, "fields": {"action_time": "2020-05-04T20:10:24.600Z", "user": 1, "content_type": 8, "object_id": "1", "object_repr": "\u041e\u043f\u0440\u043e\u0441\u043d\u0438\u043a, \u0433\u0434\u0435 \u043e\u0442\u0432\u0435\u0442\u044b \u043f\u043e\u043b\u044c\u0437\u043e\u0432\u0430\u0442\u0435\u043b\u0435\u0439 \u043c\u043e\u0433\u0443\u0442 \u0431\u044b\u0442\u044c \u0438\u043c\u0438 \u0438\u0437\u043c\u0435\u043d\u0435\u043d\u044b", "action_flag": 2, "change_message": "[{\"changed\": {\"fields\": [\"\\u0421\\u043e\\u0442\\u0440\\u0443\\u0434\\u043d\\u0438\\u043a\\u0438\"]}}]"}}, {"model": "admin.logentry", "pk": 59, "fields": {"action_time": "2020-05-04T20:10:41.484Z", "user": 1, "content_type": 8, "object_id": "1", "object_repr": "\u041e\u043f\u0440\u043e\u0441\u043d\u0438\u043a, \u0433\u0434\u0435 \u043e\u0442\u0432\u0435\u0442\u044b \u043f\u043e\u043b\u044c\u0437\u043e\u0432\u0430\u0442\u0435\u043b\u0435\u0439 \u043c\u043e\u0433\u0443\u0442 \u0431\u044b\u0442\u044c \u0438\u043c\u0438 \u0438\u0437\u043c\u0435\u043d\u0435\u043d\u044b", "action_flag": 2, "change_message": "[{\"changed\": {\"fields\": [\"\\u0421\\u043e\\u0442\\u0440\\u0443\\u0434\\u043d\\u0438\\u043a\\u0438\"]}}]"}}, {"model": "admin.logentry", "pk": 60, "fields": {"action_time": "2020-05-04T20:11:03.579Z", "user": 1, "content_type": 8, "object_id": "2", "object_repr": "\u0422\u0435\u0441\u0442", "action_flag": 2, "change_message": "[{\"changed\": {\"fields\": [\"\\u0421\\u043e\\u0442\\u0440\\u0443\\u0434\\u043d\\u0438\\u043a\\u0438\"]}}]"}}, {"model": "admin.logentry", "pk": 61, "fields": {"action_time": "2020-05-04T20:11:10.332Z", "user": 1, "content_type": 8, "object_id": "3", "object_repr": "\u043d\u043e\u0432\u044b\u0439", "action_flag": 2, "change_message": "[{\"changed\": {\"fields\": [\"\\u0421\\u043e\\u0442\\u0440\\u0443\\u0434\\u043d\\u0438\\u043a\\u0438\"]}}]"}}, {"model": "admin.logentry", "pk": 62, "fields": {"action_time": "2020-05-04T20:41:11.689Z", "user": 1, "content_type": 8, "object_id": "3", "object_repr": "\u043d\u043e\u0432\u044b\u0439False", "action_flag": 2, "change_message": "[{\"changed\": {\"fields\": [\"\\u0414\\u0430\\u0442\\u0430 \\u043e\\u043a\\u043e\\u043d\\u0447\\u0430\\u043d\\u0438\\u044f \\u043e\\u043f\\u0440\\u043e\\u0441\\u0430\"]}}]"}}, {"model": "admin.logentry", "pk": 63, "fields": {"action_time": "2020-05-04T20:41:25.381Z", "user": 1, "content_type": 8, "object_id": "1", "object_repr": "\u041e\u043f\u0440\u043e\u0441\u043d\u0438\u043a, \u0433\u0434\u0435 \u043e\u0442\u0432\u0435\u0442\u044b \u043f\u043e\u043b\u044c\u0437\u043e\u0432\u0430\u0442\u0435\u043b\u0435\u0439 \u043c\u043e\u0433\u0443\u0442 \u0431\u044b\u0442\u044c \u0438\u043c\u0438 \u0438\u0437\u043c\u0435\u043d\u0435\u043d\u044bTrue", "action_flag": 2, "change_message": "[]"}}, {"model": "admin.logentry", "pk": 64, "fields": {"action_time": "2020-05-04T20:41:45.275Z", "user": 1, "content_type": 8, "object_id": "2", "object_repr": "\u0422\u0435\u0441\u0442True", "action_flag": 2, "change_message": "[{\"changed\": {\"fields\": [\"\\u0414\\u0430\\u0442\\u0430 \\u043e\\u043a\\u043e\\u043d\\u0447\\u0430\\u043d\\u0438\\u044f \\u043e\\u043f\\u0440\\u043e\\u0441\\u0430\"]}}]"}}, {"model": "admin.logentry", "pk": 65, "fields": {"action_time": "2020-05-04T20:42:01.365Z", "user": 1, "content_type": 8, "object_id": "3", "object_repr": "\u043d\u043e\u0432\u044b\u0439True", "action_flag": 2, "change_message": "[{\"changed\": {\"fields\": [\"\\u0414\\u0430\\u0442\\u0430 \\u043e\\u043a\\u043e\\u043d\\u0447\\u0430\\u043d\\u0438\\u044f \\u043e\\u043f\\u0440\\u043e\\u0441\\u0430\"]}}]"}}, {"model": "admin.logentry", "pk": 66, "fields": {"action_time": "2020-05-04T20:42:17.595Z", "user": 1, "content_type": 8, "object_id": "3", "object_repr": "\u043d\u043e\u0432\u044b\u0439True", "action_flag": 2, "change_message": "[{\"changed\": {\"fields\": [\"\\u0414\\u0430\\u0442\\u0430 \\u043e\\u043a\\u043e\\u043d\\u0447\\u0430\\u043d\\u0438\\u044f \\u043e\\u043f\\u0440\\u043e\\u0441\\u0430\"]}}]"}}, {"model": "admin.logentry", "pk": 67, "fields": {"action_time": "2020-05-04T20:42:28.418Z", "user": 1, "content_type": 8, "object_id": "3", "object_repr": "\u043d\u043e\u0432\u044b\u0439False", "action_flag": 2, "change_message": "[{\"changed\": {\"fields\": [\"\\u0414\\u0430\\u0442\\u0430 \\u043e\\u043a\\u043e\\u043d\\u0447\\u0430\\u043d\\u0438\\u044f \\u043e\\u043f\\u0440\\u043e\\u0441\\u0430\"]}}]"}}, {"model": "admin.logentry", "pk": 68, "fields": {"action_time": "2020-05-05T06:23:37.562Z", "user": 1, "content_type": 8, "object_id": "3", "object_repr": "\u043d\u043e\u0432\u044b\u0439", "action_flag": 2, "change_message": "[{\"changed\": {\"fields\": [\"\\u0421\\u043e\\u0442\\u0440\\u0443\\u0434\\u043d\\u0438\\u043a\\u0438\"]}}]"}}, {"model": "admin.logentry", "pk": 69, "fields": {"action_time": "2020-05-05T06:46:26.514Z", "user": 1, "content_type": 8, "object_id": "3", "object_repr": "\u043d\u043e\u0432\u044b\u0439", "action_flag": 2, "change_message": "[{\"changed\": {\"fields\": [\"\\u0421\\u043e\\u0442\\u0440\\u0443\\u0434\\u043d\\u0438\\u043a\\u0438\"]}}]"}}, {"model": "admin.logentry", "pk": 70, "fields": {"action_time": "2020-05-05T07:16:33.860Z", "user": 1, "content_type": 8, "object_id": "1", "object_repr": "\u041e\u043f\u0440\u043e\u0441\u043d\u0438\u043a, \u0433\u0434\u0435 \u043e\u0442\u0432\u0435\u0442\u044b \u043f\u043e\u043b\u044c\u0437\u043e\u0432\u0430\u0442\u0435\u043b\u0435\u0439 \u043c\u043e\u0433\u0443\u0442 \u0431\u044b\u0442\u044c \u0438\u043c\u0438 \u0438\u0437\u043c\u0435\u043d\u0435\u043d\u044b", "action_flag": 2, "change_message": "[]"}}, {"model": "admin.logentry", "pk": 71, "fields": {"action_time": "2020-05-05T07:26:04.716Z", "user": 1, "content_type": 8, "object_id": "3", "object_repr": "\u043d\u043e\u0432\u044b\u0439", "action_flag": 2, "change_message": "[{\"changed\": {\"fields\": [\"\\u0421\\u043e\\u0442\\u0440\\u0443\\u0434\\u043d\\u0438\\u043a\\u0438\"]}}]"}}, {"model": "admin.logentry", "pk": 72, "fields": {"action_time": "2020-05-05T09:19:25.142Z", "user": 1, "content_type": 8, "object_id": "3", "object_repr": "\u043d\u043e\u0432\u044b\u0439", "action_flag": 2, "change_message": "[{\"changed\": {\"fields\": [\"\\u0414\\u0430\\u0442\\u0430 \\u043e\\u043a\\u043e\\u043d\\u0447\\u0430\\u043d\\u0438\\u044f \\u043e\\u043f\\u0440\\u043e\\u0441\\u0430\", \"\\u0421\\u043e\\u0442\\u0440\\u0443\\u0434\\u043d\\u0438\\u043a\\u0438\"]}}]"}}, {"model": "admin.logentry", "pk": 73, "fields": {"action_time": "2020-05-05T11:13:04.625Z", "user": 1, "content_type": 8, "object_id": "3", "object_repr": "\u043d\u043e\u0432\u044b\u0439", "action_flag": 2, "change_message": "[{\"changed\": {\"name\": \"\\u0421\\u043e\\u0434\\u0435\\u0440\\u0436\\u0438\\u043c\\u043e\\u0435 \\u043e\\u043f\\u0440\\u043e\\u0441\\u043d\\u0438\\u043a\\u0430\", \"object\": \"\\u043d\\u043e\\u0432\\u044b\\u0439 - \\u0412\\u043e\\u043f\\u0440\\u043e\\u0441 \\u043e \\u0437\\u0430\\u0440\\u043f\\u043b\\u0430\\u0442\\u0435 - 1 - 10\", \"fields\": [\"\\u0412\\u0435\\u0441 \\u043e\\u0442\\u0432\\u0435\\u0442\\u0430\"]}}]"}}, {"model": "admin.logentry", "pk": 74, "fields": {"action_time": "2020-05-05T11:21:30.956Z", "user": 1, "content_type": 8, "object_id": "2", "object_repr": "\u0422\u0435\u0441\u0442", "action_flag": 2, "change_message": "[{\"changed\": {\"name\": \"\\u0421\\u043e\\u0434\\u0435\\u0440\\u0436\\u0438\\u043c\\u043e\\u0435 \\u043e\\u043f\\u0440\\u043e\\u0441\\u043d\\u0438\\u043a\\u0430\", \"object\": \"\\u0422\\u0435\\u0441\\u0442 - \\u0432\\u043e\\u043f\\u0440\\u043e\\u0441 \\u043f\\u0440\\u043e 2 + 2 - 1 - 10\", \"fields\": [\"\\u0412\\u0435\\u0441 \\u043e\\u0442\\u0432\\u0435\\u0442\\u0430\"]}}]"}}, {"model": "admin.logentry", "pk": 75, "fields": {"action_time": "2020-05-05T14:00:06.149Z", "user": 1, "content_type": 8, "object_id": "2", "object_repr": "\u0422\u0435\u0441\u0442", "action_flag": 2, "change_message": "[]"}}, {"model": "admin.logentry", "pk": 76, "fields": {"action_time": "2020-05-05T14:00:18.681Z", "user": 1, "content_type": 8, "object_id": "2", "object_repr": "\u0422\u0435\u0441\u0442", "action_flag": 2, "change_message": "[{\"changed\": {\"fields\": [\"\\u0414\\u0430\\u0442\\u0430 \\u043e\\u043a\\u043e\\u043d\\u0447\\u0430\\u043d\\u0438\\u044f \\u043e\\u043f\\u0440\\u043e\\u0441\\u0430\"]}}]"}}, {"model": "admin.logentry", "pk": 77, "fields": {"action_time": "2020-05-05T14:49:11.855Z", "user": 1, "content_type": 8, "object_id": "3", "object_repr": "\u043d\u043e\u0432\u044b\u0439", "action_flag": 2, "change_message": "[{\"changed\": {\"fields\": [\"\\u0414\\u0430\\u0442\\u0430 \\u043e\\u043a\\u043e\\u043d\\u0447\\u0430\\u043d\\u0438\\u044f \\u043e\\u043f\\u0440\\u043e\\u0441\\u0430\"]}}]"}}, {"model": "admin.logentry", "pk": 78, "fields": {"action_time": "2020-05-05T14:49:22.980Z", "user": 1, "content_type": 8, "object_id": "1", "object_repr": "\u041e\u043f\u0440\u043e\u0441\u043d\u0438\u043a, \u0433\u0434\u0435 \u043e\u0442\u0432\u0435\u0442\u044b \u043f\u043e\u043b\u044c\u0437\u043e\u0432\u0430\u0442\u0435\u043b\u0435\u0439 \u043c\u043e\u0433\u0443\u0442 \u0431\u044b\u0442\u044c \u0438\u043c\u0438 \u0438\u0437\u043c\u0435\u043d\u0435\u043d\u044b", "action_flag": 2, "change_message": "[{\"changed\": {\"fields\": [\"\\u0414\\u0430\\u0442\\u0430 \\u043e\\u043a\\u043e\\u043d\\u0447\\u0430\\u043d\\u0438\\u044f \\u043e\\u043f\\u0440\\u043e\\u0441\\u0430\"]}}]"}}, {"model": "admin.logentry", "pk": 79, "fields": {"action_time": "2020-05-06T06:40:46.641Z", "user": 1, "content_type": 8, "object_id": "3", "object_repr": "\u043d\u043e\u0432\u044b\u0439", "action_flag": 2, "change_message": "[{\"changed\": {\"fields\": [\"\\u0414\\u0430\\u0442\\u0430 \\u043e\\u043a\\u043e\\u043d\\u0447\\u0430\\u043d\\u0438\\u044f \\u043e\\u043f\\u0440\\u043e\\u0441\\u0430\"]}}]"}}, {"model": "admin.logentry", "pk": 80, "fields": {"action_time": "2020-05-06T06:40:53.302Z", "user": 1, "content_type": 8, "object_id": "2", "object_repr": "\u0422\u0435\u0441\u0442", "action_flag": 2, "change_message": "[{\"changed\": {\"fields\": [\"\\u0414\\u0430\\u0442\\u0430 \\u043e\\u043a\\u043e\\u043d\\u0447\\u0430\\u043d\\u0438\\u044f \\u043e\\u043f\\u0440\\u043e\\u0441\\u0430\"]}}]"}}, {"model": "admin.logentry", "pk": 81, "fields": {"action_time": "2020-05-06T06:41:00.001Z", "user": 1, "content_type": 8, "object_id": "1", "object_repr": "\u041e\u043f\u0440\u043e\u0441\u043d\u0438\u043a, \u0433\u0434\u0435 \u043e\u0442\u0432\u0435\u0442\u044b \u043f\u043e\u043b\u044c\u0437\u043e\u0432\u0430\u0442\u0435\u043b\u0435\u0439 \u043c\u043e\u0433\u0443\u0442 \u0431\u044b\u0442\u044c \u0438\u043c\u0438 \u0438\u0437\u043c\u0435\u043d\u0435\u043d\u044b", "action_flag": 2, "change_message": "[{\"changed\": {\"fields\": [\"\\u0414\\u0430\\u0442\\u0430 \\u043e\\u043a\\u043e\\u043d\\u0447\\u0430\\u043d\\u0438\\u044f \\u043e\\u043f\\u0440\\u043e\\u0441\\u0430\"]}}]"}}, {"model": "admin.logentry", "pk": 82, "fields": {"action_time": "2020-05-06T14:26:58.740Z", "user": 1, "content_type": 4, "object_id": "3", "object_repr": "user2", "action_flag": 1, "change_message": "[{\"added\": {}}]"}}, {"model": "admin.logentry", "pk": 83, "fields": {"action_time": "2020-05-06T14:27:05.227Z", "user": 1, "content_type": 4, "object_id": "3", "object_repr": "user2", "action_flag": 2, "change_message": "[]"}}, {"model": "admin.logentry", "pk": 84, "fields": {"action_time": "2020-05-06T14:27:49.770Z", "user": 1, "content_type": 8, "object_id": "3", "object_repr": "\u043d\u043e\u0432\u044b\u0439", "action_flag": 2, "change_message": "[{\"changed\": {\"fields\": [\"\\u0421\\u043e\\u0442\\u0440\\u0443\\u0434\\u043d\\u0438\\u043a\\u0438\"]}}]"}}, {"model": "admin.logentry", "pk": 85, "fields": {"action_time": "2020-05-06T14:27:57.002Z", "user": 1, "content_type": 8, "object_id": "2", "object_repr": "\u0422\u0435\u0441\u0442", "action_flag": 2, "change_message": "[{\"changed\": {\"fields\": [\"\\u0421\\u043e\\u0442\\u0440\\u0443\\u0434\\u043d\\u0438\\u043a\\u0438\"]}}]"}}, {"model": "admin.logentry", "pk": 86, "fields": {"action_time": "2020-05-06T14:28:03.057Z", "user": 1, "content_type": 8, "object_id": "1", "object_repr": "\u041e\u043f\u0440\u043e\u0441\u043d\u0438\u043a, \u0433\u0434\u0435 \u043e\u0442\u0432\u0435\u0442\u044b \u043f\u043e\u043b\u044c\u0437\u043e\u0432\u0430\u0442\u0435\u043b\u0435\u0439 \u043c\u043e\u0433\u0443\u0442 \u0431\u044b\u0442\u044c \u0438\u043c\u0438 \u0438\u0437\u043c\u0435\u043d\u0435\u043d\u044b", "action_flag": 2, "change_message": "[{\"changed\": {\"fields\": [\"\\u0421\\u043e\\u0442\\u0440\\u0443\\u0434\\u043d\\u0438\\u043a\\u0438\"]}}]"}}, {"model": "admin.logentry", "pk": 87, "fields": {"action_time": "2020-05-06T14:30:27.221Z", "user": 1, "content_type": 4, "object_id": "3", "object_repr": "user2", "action_flag": 2, "change_message": "[{\"changed\": {\"fields\": [\"First name\", \"Last name\"]}}]"}}, {"model": "admin.logentry", "pk": 88, "fields": {"action_time": "2020-05-06T14:55:28.981Z", "user": 1, "content_type": 4, "object_id": "1", "object_repr": "admin", "action_flag": 2, "change_message": "[{\"changed\": {\"fields\": [\"Last name\"]}}]"}}, {"model": "admin.logentry", "pk": 89, "fields": {"action_time": "2020-05-06T15:59:42.224Z", "user": 1, "content_type": 4, "object_id": "4", "object_repr": "manager", "action_flag": 1, "change_message": "[{\"added\": {}}]"}}, {"model": "admin.logentry", "pk": 90, "fields": {"action_time": "2020-05-06T15:59:59.079Z", "user": 1, "content_type": 4, "object_id": "4", "object_repr": "manager", "action_flag": 2, "change_message": "[{\"changed\": {\"fields\": [\"First name\", \"Last name\", \"Staff status\"]}}]"}}]